{"tissue_hires_scalef": 0.04155585, "tissue_lowres_scalef": 0.012466756, "fiducial_diameter_fullres": 609.9319371588626, "spot_diameter_fullres": 377.57691347929597}