{"spot_diameter_fullres": 377.8319944590298, "tissue_hires_scalef": 0.04111842, "fiducial_diameter_fullres": 610.3439910492019, "tissue_lowres_scalef": 0.012335527}