{"spot_diameter_fullres": 377.5490552570556, "tissue_hires_scalef": 0.04111842, "fiducial_diameter_fullres": 609.8869354152437, "tissue_lowres_scalef": 0.012335527}