{"spot_diameter_fullres": 377.6214599999999, "tissue_hires_scalef": 0.04111842, "fiducial_diameter_fullres": 610.0039000000002, "tissue_lowres_scalef": 0.012335527}