{"spot_diameter_fullres": 377.72499999999997, "tissue_hires_scalef": 0.04111842, "fiducial_diameter_fullres": 610.1711999999998, "tissue_lowres_scalef": 0.012335527}