{"spot_diameter_fullres": 403.35533016906714, "tissue_hires_scalef": 0.04111842, "fiducial_diameter_fullres": 605.0329952536006, "tissue_lowres_scalef": 0.012335527}