{"spot_diameter_fullres": 143.30095731758163, "tissue_hires_scalef": 0.1039393, "fiducial_diameter_fullres": 214.95143597637247, "tissue_lowres_scalef": 0.03118179}