{"spot_diameter_fullres": 406.77651999999995, "tissue_hires_scalef": 0.04155585, "fiducial_diameter_fullres": 610.1648, "tissue_lowres_scalef": 0.012466756}