{"pdag.utils._dict_utils": 1741078930.2706902, "pdag._core": 1741251628.0594242, "pdag.utils._init_args_recorder": 1741078930.2708342, "pdag._notation.model": 1741324344.7668114, "pdag._core.collection": 1741378255.3486843, "pdag._notation.export": 1741050107.3677588, "pdag._exec.to_exec_model": 1741324344.7659755, "pdag._notation.construct": 1741251628.061866, "pdag._exec": 1741251628.0603585, "pdag.examples.diamond_mdp": 1741324344.767008, "pdag._core.reference": 1741251628.0599828, "pdag.utils._ast_utils": 1741078930.2704182, "pdag._experiment.runner": 1741324344.766635, "pdag._experiment.results": 1741324344.7665203, "pdag._experiment": 1741324344.7662628, "pdag._exec.ref_resolver": 1741324344.7658064, "pdag._exec.utils": 1741324344.7661157, "pdag._exec.core": 1741324344.7653341, "pdag._exec.model": 1741324344.765548, "pdag._core.relationship": 1741251628.060143, "pdag.examples.polynomials": 1741251628.0624828, "pdag._experiment.cases": 1741324344.7663968, "pdag.examples": 1741050107.3685398, "pdag._notation._decorators": 1741251628.0616374, "pdag.utils._topological_sort": 1741191533.3607466, "pdag._export": 1741380043.3905308, "pdag._notation": 1741050107.3671446, "pdag.utils": 1741324344.7671578, "pdag.utils._multidef": 1741251628.0629382, "pdag._core.model": 1741380274.9547775, "pdag": 1741380057.6396775, "pdag._core.parameter": 1741324344.765127, "pdag._export.dot": 1741379925.5447311}
