{"spot_diameter_fullres": 377.61188, "tissue_hires_scalef": 0.04111842, "fiducial_diameter_fullres": 609.9884000000001, "tissue_lowres_scalef": 0.012335527}