{"tissue_hires_scalef": 0.04155585, "tissue_lowres_scalef": 0.012466756, "fiducial_diameter_fullres": 609.8565193216596, "spot_diameter_fullres": 377.5302262467417}