{"spot_diameter_fullres": 377.53867695943575, "tissue_hires_scalef": 0.04155585, "fiducial_diameter_fullres": 609.8701704729348, "tissue_lowres_scalef": 0.012466756}