{"spot_diameter_fullres": 377.70107999999993, "tissue_hires_scalef": 0.04111842, "fiducial_diameter_fullres": 610.1324999999999, "tissue_lowres_scalef": 0.012335527}