{"spot_diameter_fullres": 377.63788000000005, "tissue_hires_scalef": 0.04111842, "fiducial_diameter_fullres": 610.0304, "tissue_lowres_scalef": 0.012335527}