{"spot_diameter_fullres": 402.92898151637104, "tissue_hires_scalef": 0.04111842, "fiducial_diameter_fullres": 604.3934722745566, "tissue_lowres_scalef": 0.012335527}