{"spot_diameter_fullres": 374.04172283240246, "tissue_hires_scalef": 0.04111842, "fiducial_diameter_fullres": 604.2212445754194, "tissue_lowres_scalef": 0.012335527}