{"spot_diameter_fullres": 405.5076, "tissue_hires_scalef": 0.04155585, "fiducial_diameter_fullres": 608.2614000000001, "tissue_lowres_scalef": 0.012466756}