{"tissue_hires_scalef": 0.04111842, "tissue_lowres_scalef": 0.012335527, "fiducial_diameter_fullres": 610.1753616353324, "spot_diameter_fullres": 377.7276048218724}