{"pdag._experiment": 1741322230.12812, "pdag": 1741322641.4891253, "pdag._notation": 1741050107.3671446, "pdag.examples": 1741050107.3685398, "pdag._notation._decorators": 1741251628.0616374, "pdag._core.model": 1741322484.0181015, "pdag._experiment.results": 1741315341.7593088, "pdag._exec.utils": 1741308566.353571, "pdag.utils": 1741322422.2601633, "pdag._core.parameter": 1741322484.0181656, "pdag._notation.model": 1741322808.7281775, "pdag.utils._ast_utils": 1741078930.2704182, "pdag.utils._init_args_recorder": 1741078930.2708342, "pdag._core.collection": 1741313277.3301249, "pdag._experiment.cases": 1741323306.986993, "pdag.utils._multidef": 1741251628.0629382, "pdag._exec.to_exec_model": 1741322484.0185988, "pdag.utils._topological_sort": 1741191533.3607466, "pdag._exec.core": 1741323981.0561929, "pdag._core.relationship": 1741251628.060143, "pdag.utils._dict_utils": 1741078930.2706902, "pdag._exec.ref_resolver": 1741322484.018509, "pdag._core.reference": 1741251628.0599828, "pdag.examples.polynomials": 1741251628.0624828, "pdag._exec": 1741251628.0603585, "pdag._core": 1741251628.0594242, "pdag._notation.construct": 1741251628.061866, "pdag.examples.diamond_mdp": 1741322845.0397398, "pdag._exec.model": 1741324026.568407, "pdag._experiment.runner": 1741322136.7701755, "pdag._notation.export": 1741050107.3677588}
