{"tissue_hires_scalef": 0.04155585, "tissue_lowres_scalef": 0.012466756, "fiducial_diameter_fullres": 608.9791999999999, "spot_diameter_fullres": 376.98711999999995}